nome,email,data_nascimento,status,idade
Scott Beck,jeanettedouglas@ramsey.com,1946-04-26,1,78
Greg Abbott,wyatt44@cox.org,2000-01-22,1,24
Katelyn Miller,acook@mitchell.biz,1948-11-10,0,76
Tracy Evans,michelewilson@thornton-rice.com,1997-03-12,0,27
Gina Sullivan,jennifer01@hotmail.com,2001-12-26,1,23
Luke Jones,rebecca95@yahoo.com,1947-04-10,1,77
Sydney Fischer,yneal@yahoo.com,1963-03-27,0,61
Diana Torres,john21@yahoo.com,1996-09-02,1,28
Chris Sanders,ywalker@yahoo.com,1948-01-08,1,76
Brenda Miller,nguyenpatricia@jacobs.biz,1963-08-19,1,61
Jillian Horn,wbuckley@gmail.com,1940-02-26,0,84
Kimberly Guerra,debramendoza@johnson.com,1944-07-06,1,80
Mrs. Jennifer Williams DDS,pwang@hotmail.com,1937-12-29,1,87
William Ballard,mmorris@salazar.com,1935-12-19,0,89
Gregory Murphy,ann57@hotmail.com,1994-07-16,1,30
Mr. Matthew Olson,christinereese@murphy.com,1971-01-20,1,53
Connie Patel,hernandezrichard@yahoo.com,1985-05-08,1,39
Michael Sullivan,uwilliams@simpson-benson.com,2005-04-09,0,19
Thomas Peterson,brettpeters@johnson.com,1976-05-03,1,48
Eric Rush,fmaxwell@yahoo.com,1996-01-03,1,28
Dakota Jenkins,hoganjenna@hotmail.com,1972-05-11,1,52
Kaitlyn Fox,figueroascott@welch.com,1987-12-29,1,37
James Wilson,vegakathy@aguirre.biz,1964-10-12,0,60
Mr. Tyler Wilcox,jenniferpage@yahoo.com,1964-12-31,1,60
Debra Lawson,lawrencepaul@murphy-lara.biz,1967-10-01,0,57
Morgan Green,davidmorgan@gmail.com,1992-03-01,0,32
Jacqueline Roberts,nancy70@gmail.com,1990-04-15,0,34
Tammy Stone,rsherman@yahoo.com,1961-05-23,1,63
Susan Aguilar,williamsonjose@medina.com,1997-05-14,0,27
Joshua Briggs,nicoleolson@hotmail.com,1957-06-18,0,67
Alejandra Ramos,molly83@hotmail.com,2003-10-11,0,21
Robert Nelson,heather01@gmail.com,1976-09-04,0,48
Richard Luna,yorkjacqueline@powell.net,1973-02-16,1,51
Crystal Molina,kevin71@tapia.com,1935-06-21,0,89
Keith Romero,ashleystone@yahoo.com,1973-11-03,1,51
Brenda Wright,mpatel@hotmail.com,1946-10-15,0,78
Karen Lewis,robert22@mills-white.com,1952-11-13,0,72
Patricia Pacheco,floresjane@flores.biz,1983-08-15,1,41
Connie Marshall,wilsonronald@gmail.com,1987-12-05,0,37
Jessica Bryan,ronald70@gmail.com,1980-02-18,0,44
John Walton,christian06@sandoval.com,1968-11-29,0,56
John Jones,michellehunter@gmail.com,1998-10-31,0,26
Vincent Thomas,gordonstephanie@martinez-lewis.biz,1978-12-04,0,46
Darren Walker,samuelsmith@hotmail.com,1967-05-16,0,57
Kaitlyn Kline,elizabeth76@duncan.com,1988-12-07,0,36
Cindy Cooper,philipbentley@yahoo.com,1973-03-01,1,51
Gerald Lang,bryanalvarado@torres-robinson.biz,1955-07-01,0,69
Cathy Alvarez,james23@gmail.com,1992-07-30,1,32
Joshua Edwards,matthew57@williams-young.com,1974-12-08,0,50
Peter Cook,jennifer29@hotmail.com,1942-10-07,0,82
Heather Garza,daylisa@moore.com,1952-08-18,0,72
Stephanie Weaver,anthony92@phillips-townsend.biz,1955-01-19,0,69
James Rodriguez,zachary23@hotmail.com,1959-04-03,0,65
Joshua Price,watkinsrachel@duffy-carlson.info,2004-02-05,1,20
Jeffrey Thompson,qrogers@yahoo.com,1950-12-03,0,74
Victoria Burgess,yolandafrank@blair.com,1968-03-28,1,56
Howard Baird,qscott@yahoo.com,1964-01-23,0,60
Steven Martin,melissa14@estrada-williams.com,1947-08-03,0,77
Ashley Bartlett,rachel09@whitehead-smith.com,1994-08-01,1,30
Russell Watson,reidjeffery@smith.com,2002-09-22,0,22
Brittany Kim,angela47@moran-harmon.com,1934-08-19,1,90
Amy Brooks,stephenchoi@gmail.com,1965-05-13,0,59
Cindy West,hailey29@hotmail.com,2005-01-27,0,19
Karen Camacho,kristy05@hotmail.com,1972-12-19,0,52
Stephanie Guerrero,chelsea92@stuart.com,1998-03-18,0,26
Theresa Finley,michael41@arias.com,2002-06-10,0,22
Yvonne Edwards,michelle84@gmail.com,1962-11-29,0,62
Tommy Solis,robert94@pollard.com,2006-02-28,0,18
Lucas Roberts,garydavis@perez.com,1942-03-31,0,82
Leah Wilson,sarah72@hotmail.com,1979-12-17,1,45
Charles Johnson,hollybrown@black.org,1943-05-29,0,81
Emily Gonzales,carolwatkins@yahoo.com,1960-06-18,0,64
Nancy Brennan,dominiquewoodward@yahoo.com,1986-11-19,0,38
Michael Craig,rachel67@frazier.com,1983-12-01,1,41
Erika Chen,gary60@adkins.com,1991-09-21,0,33
William Thompson,fcruz@hotmail.com,1957-06-05,0,67
Erica Meyer,dennisklein@spencer-smith.com,1957-03-30,1,67
Scott Sweeney,kathleenmitchell@rice-griffin.net,1965-07-10,1,59
Eric Chapman,mhill@gmail.com,1983-08-19,0,41
Alexander Hammond,lphillips@davis.com,1977-05-15,1,47
Jasmine James,clinedesiree@hotmail.com,1978-11-15,1,46
Virginia Wells,portersusan@hotmail.com,1956-02-07,0,68
Sean Avila MD,jimmyyoung@yahoo.com,1950-08-18,1,74
Jonathan Ramirez,mckenzievickie@mejia.net,1989-11-20,1,35
Mrs. Tiffany Patterson DVM,rwhite@hotmail.com,1946-02-10,1,78
John Brandt,williamcamacho@yahoo.com,1958-11-30,1,66
Mark Carroll,sarahcline@mckinney.com,1994-04-04,1,30
Kenneth Chavez,melissadunn@brock.com,1950-05-02,0,74
Jessica Taylor,shicks@yahoo.com,1952-09-17,1,72
Manuel Villanueva,michael75@hotmail.com,1989-06-07,0,35
Victor Perez,mcummings@yahoo.com,1990-03-25,0,34
Margaret Hall,elizabeth30@yahoo.com,1983-05-01,0,41
Katie Rodriguez,johnochoa@flores-reed.info,1999-08-17,1,25
John Holmes,murraystephen@rangel.com,1934-02-19,1,90
Vanessa James,delgadonatalie@hotmail.com,1933-11-03,1,91
Caitlin Lewis,milleremily@hotmail.com,1975-11-07,0,49
Monique Sandoval,patricia40@rodgers.com,1986-12-15,1,38
Michael Carroll,leedustin@williams.net,1938-12-09,1,86
Matthew Wiley,donwhite@yahoo.com,1998-12-15,1,26
Mary Schultz,dennisbrown@yahoo.com,1935-10-22,1,89
